final_equity,CAGR,Sharpe,MaxDD,bench_final,bench_CAGR
66.44122578051723,0.18231235400072765,0.9402326399655918,-0.19461641777252925,28.971167565723807,0.14378936306589973
11.450000781888049,0.10218931621311245,0.49152270893659344,-0.26205295759582126,5.410358860557079,0.06970135567331215
22.77912255463774,0.13286553326934625,0.6420004162983256,-0.47032190799901974,11.138208107359238,0.10097555609192121
26.509831460235482,0.13974367060641324,0.6949534598480436,-0.2819790611324353,30.685720939398863,0.14641695948590883
25.555579185863934,0.1380773587861872,0.6717214567577043,-0.3409817734046996,5.034574402795391,0.06663259027839574
36.90316479440799,0.1548894834421426,0.7584161981657138,-0.29606988553729197,7.98755071934446,0.08646240947651362
25.228171404872043,0.13749184854816,0.6880136482302955,-0.3908173173714149,6.316773870770025,0.07633438797396264
69.98966349618647,0.18476994636908528,0.9159709895254126,-0.27015656042555314,42.21359991083444,0.1611028268395076
16.251944105489276,0.11770294468602427,0.5480772814010676,-0.3956641834856558,8.26085079753781,0.08792216652695606
14.04519459127277,0.11121230135672122,0.5295164544784244,-0.40701857243941564,3.337168750364026,0.04927097915487755
59.70853447185432,0.1772816822631904,0.9107005679788337,-0.29906954825114473,17.73316131146904,0.1216004980482348
58.27881518361544,0.17614350170140014,0.9027087347713538,-0.2971255043330915,40.55024748719032,0.15924147428999347
30.552858940421878,0.14621844803649453,0.742702736832408,-0.2029604800052175,5.17381218471723,0.0677945268519975
13.000104572920977,0.10778849225713505,0.5157076948965044,-0.34437271118617097,8.515238857107153,0.08923982900580518
7.019323918618967,0.08087397557974874,0.3603607132123053,-0.35340018262999406,1.698331786096823,0.021362811005773086
13.37298213919848,0.10903944350943462,0.5189544454322984,-0.30801837607474736,3.4089859247964203,0.050162979107843064
10.252803326736794,0.0973420741498785,0.43913878654103006,-0.30915196380637555,8.968287183553361,0.09149557280620257
58.27524932872911,0.17614062959691923,0.8632364328026911,-0.3136282794934696,14.85065231976878,0.11368803797277627
27.86454978088479,0.14201294990268432,0.6835362887471308,-0.34138376612667376,8.515930290768027,0.089243358678881
7.512152334737307,0.08380500409178726,0.37372453958139246,-0.2922001363738639,1.1206465763628786,0.004556250869800493
15.040015194463887,0.11425134167833151,0.5412210756704904,-0.29728785562320104,4.807041795348517,0.06466573254264318
11.079481135830207,0.10074329535410298,0.46962487965609884,-0.2653818442266238,2.863812771769831,0.042884815893858175
7.603567441911913,0.08432830877628739,0.37755981634971536,-0.4205777806214055,2.6448001465940942,0.03957878315001029
15.290205085852962,0.11498523747937162,0.5533785536051525,-0.315602528003041,4.661449847223679,0.06335973677864892
3.5561966532925027,0.05193634756217658,0.19689411453681036,-0.5458926646951355,3.8624670904855347,0.055410398041353615
20.414371010316177,0.12792089283624053,0.6178492879353592,-0.27481514850836286,15.002024287561564,0.11413887705417625
25.904791237323153,0.13869397735545808,0.674254247367464,-0.26430397554985363,11.332924671818164,0.10173732087142384
13.984790493783276,0.1110211804908825,0.5176739803667865,-0.39997375364074017,7.707481130569939,0.08491587542921497
23.780613000519743,0.13481250119628463,0.6753332379514311,-0.2805897775774632,10.51962654711955,0.09846779086388047
33.10411838057153,0.14989303150499933,0.7613289201758531,-0.2350156606195214,10.422317211635592,0.09806045594255375
61.246993238716996,0.17847756512562407,0.8799156456986542,-0.3015265970060145,12.261105907995729,0.10520404663200589
76.00122656391599,0.18867259848508988,0.9934024911298875,-0.2532561771750287,19.69975719841383,0.12631803840578026
37.53404172244338,0.15567103299981633,0.7737512225579091,-0.32819912414943164,37.73358590996601,0.1559156103635977
16.915989017532336,0.11949072760370472,0.5875340261779983,-0.3476703532462253,3.6042301013611215,0.05249975336733925
28.14553597573149,0.14247033770803252,0.6404184066478255,-0.35164199005076957,12.439252469601788,0.10584048068710139
13.440308169592882,0.10926173791517613,0.5485568696493398,-0.3127260252959694,5.024989130224735,0.06655147026688546
6.895354853648713,0.08010559480917023,0.35304357365646727,-0.2785744937572151,1.3312736687424438,0.011484946680581087
27.78302129769712,0.14187940930840548,0.6961533560762566,-0.25902314210542154,15.472584012305335,0.11551298976467206
23.397520400170443,0.13407720869263628,0.6126919909176006,-0.37152806128584026,3.1627311763096038,0.04702521391206815
24.208461567821193,0.13562037230205104,0.6185541657741485,-0.3709450073976901,13.62457663377331,0.10986472470617215
25.109236360696382,0.1372773465462107,0.6401142772143922,-0.31628625269970323,8.746968741296985,0.09040763910846672
7.809062489161858,0.08548294844723991,0.4076925049817269,-0.2980181759031826,2.8618229961297663,0.042855888124930575
25.033011514352875,0.13713935981013536,0.6515431195817086,-0.27274365666852973,15.736584673185291,0.11626644705777811
38.63143892971253,0.15700094811606502,0.7458333632681838,-0.38000272728503803,13.9650606174714,0.11095858266520775
32.47088227515614,0.14900702859370862,0.7456105202396301,-0.3493709827319985,17.7660853964053,0.12168353151638267
27.021600701714654,0.14061374354910083,0.7095314164513672,-0.24100560494679568,10.674319407111435,0.099107944491311
3.1855247971286524,0.04732532658785704,0.17125812030846024,-0.48917657415490934,0.5060111025956567,-0.026819873068745226
7.57736312301821,0.08417892274120176,0.3702964089040516,-0.43614759443398743,1.6771251042766506,0.020850750561527187
38.95709108192901,0.15738862477344973,0.7789849363138293,-0.22911379465559656,9.219794862977755,0.09270104703199245
38.87654202353734,0.15729302457327377,0.7679194341125388,-0.21361481866071563,10.71342530334823,0.09926836281846296
27.131423855705677,0.14079839373507785,0.6885361871786604,-0.2714117913500431,5.237161035154551,0.06831326733048293
20.77348260968663,0.1287061379802119,0.6058268402566701,-0.3230235452983157,2.771833178837084,0.041526990194828084
32.64961941101706,0.14925878041137253,0.7455400480347254,-0.3004230167370545,16.995150998506208,0.11969934005362814
48.082803077078644,0.1671510108754044,0.8583478396251415,-0.3587837815623397,28.63938730713087,0.14326370451687964
10.687296501521356,0.09916124096813772,0.48584556229202447,-0.2815738981526994,4.274949557872965,0.05969288963617858
27.74960111700294,0.14182455955451911,0.6903849323235717,-0.2858397113522847,14.547461654634109,0.11277160486393911
70.28044095943123,0.18496599797916025,0.9105801155375756,-0.2594260441624614,22.914804286153494,0.13313406660810134
12.37819197830234,0.10562333152339543,0.4989021425069639,-0.394186480754792,8.339487372908083,0.08833359566600762
113.33242694875781,0.20778006483812117,0.9882649165092502,-0.28090437124219036,35.56307776314222,0.15318587065119416
44.69938111387453,0.16375723409223908,0.7879287313063345,-0.3525137012845666,6.417554379648599,0.07701452775695783
13.768418687669353,0.11033000602778897,0.5246146529018524,-0.3026343681373612,7.633662480979457,0.0844992664871298
58.31521216566302,0.17617280786823386,0.8350955013949309,-0.3081209849774249,21.253329563721007,0.12973528680031388
46.905533166098564,0.16599690818610235,0.7989835741142912,-0.33900502020744294,10.976979033113118,0.10033506076548915
46.827763190308616,0.16591969252391126,0.8374640372363277,-0.3351894811938767,8.950703977522798,0.09141008703599351
25.557488365819463,0.13808075184634827,0.6440373965081231,-0.30080956746749377,4.066939964508421,0.057585421650640845
33.23889511189766,0.15007950503180045,0.7229672909961842,-0.2876113819140602,8.261921369420776,0.08792779299785258
6.82390643133977,0.07965669853173929,0.36035456358889445,-0.42200854109040276,2.387023492390789,0.035332863747510546
46.84084804748879,0.16593269272816924,0.8169894589855123,-0.2096862091322026,14.822629283141033,0.1136040917536032
32.32002222709424,0.14879350418818582,0.702696976374671,-0.2686522110505546,5.149202543705085,0.06759136127098331
46.84189629024411,0.16593373403843037,0.7956466885999784,-0.2432410256004327,17.67314806832481,0.12144876510668245
16.29793534560934,0.11782900579362576,0.5485134968036259,-0.4038786750783254,3.1635650975419334,0.047036230297971215
18.73027127247285,0.12405187648189941,0.6064619734326816,-0.384729890111532,8.571536712335703,0.08952632472494315
19.493075112318135,0.12584404307690655,0.6082776054197717,-0.45229790472886255,5.295044521816534,0.06878201359607039
60.17262560513806,0.17764551870812806,0.8590813041283002,-0.3791684219045067,15.574363195904002,0.11580491879000387
37.061679362706954,0.15508705584504745,0.7777574190006473,-0.21819200728220012,22.767529743657654,0.13284251829666727
80.07541862723424,0.1911524251909722,0.9626332585785133,-0.24477889169033906,17.65592374362393,0.121405125060003
52.29431882213369,0.17106859047589795,0.8131329808862858,-0.33329101546125584,12.473222812137202,0.10596084663532634
34.08790545491241,0.1512377453952256,0.6931648505663487,-0.3516475235241693,10.089618240654001,0.09663965824582599
20.258191550465533,0.1275752394533327,0.590382092852264,-0.26406973004806433,6.3139842891307545,0.07631541404545583
41.287820911050815,0.16007572386025104,0.8300913745810097,-0.24111449402626262,8.341699662450882,0.08834511649048893
13.559349031823903,0.1096521788019309,0.506056146792703,-0.3157999730261669,4.391251905937603,0.06082869167772742
47.753618750346135,0.16683106096494904,0.8160453438067992,-0.3231235029102215,16.681791737664547,0.11886802284472031
11.151683469991294,0.10102868426990441,0.49665994134926134,-0.33355075130471923,3.924715169424008,0.05608402428904902
33.6275115812912,0.15061314815504123,0.7059307253422075,-0.2980053296140208,37.16802457391297,0.15521915020177235
15.525989731359552,0.11566640030031361,0.5482940898551811,-0.2704028500883665,6.6838938887598065,0.07876378766730974
11.361863839954381,0.10184946189349753,0.47565736256670715,-0.37466360318733205,3.5546706415916516,0.05191832878779823
20.597626692667877,0.12832324812667162,0.5903222839645087,-0.3251082009808829,11.183160088267693,0.10115254473576885
67.48205487640652,0.18304602818765559,0.93046158762833,-0.2664781245918464,21.953484873565905,0.1311976053271755
26.54737001196912,0.13980803666368136,0.6778356262099238,-0.28936839157838934,6.728142226986008,0.07904790097648373
9.550345902602023,0.09423823425704092,0.42382301584700754,-0.37688591174978714,6.278921738193342,0.0760762399280408
24.986959986987568,0.13705579899551812,0.6496926748905533,-0.2542965716194021,4.78833654068479,0.06450008470550483
69.96555264452932,0.18475365495741802,0.9815481070533408,-0.1857358160946233,30.342130130179836,0.14590188827017836
23.521918839416443,0.13431723338529133,0.6422376159407994,-0.37070329743348407,4.076910966571159,0.05768878107770181
26.247328048812587,0.13929110422401658,0.6814366252205091,-0.2549957349554144,14.044743238859388,0.11121087618905134
59.28287348022851,0.1769455790253367,0.8713865753267741,-0.33277852618342074,46.58248508389333,0.16567535363652985
19.030487072490175,0.12476543626172876,0.5818306946292986,-0.3637523774892599,2.1398284570159896,0.030825601462213248
18.500073448831245,0.12349725959362412,0.577397966207986,-0.33138481943124054,12.03099550457129,0.1043687001349547
67.39418105792794,0.18298450785414277,0.9435221852994237,-0.21393677933889754,31.444018911120317,0.1475343894351282
37.64956929099353,0.15581278456537495,0.8395669023650499,-0.22711983730043606,22.06515260167706,0.1314266808427007
32.07890484178715,0.14845023627498888,0.7408277764815058,-0.26872599975543576,10.124951903984925,0.09679266938577835
38.68737261357052,0.15706775770374803,0.8109155148173198,-0.33167476983392263,15.692224408609913,0.11614069528756632
17.13559801016455,0.12006716915903559,0.553429388221042,-0.249234010448114,9.746927145243042,0.09512836507052613
11.202162073380299,0.10122715561146678,0.4639006809262344,-0.27223148277905274,4.334391540987568,0.06027705281911633
34.51803983011705,0.15181401537022676,0.7384653911591386,-0.30228855726331816,7.224653951888612,0.08211843412022146
32.78860559189778,0.14945363005525047,0.6873475773956533,-0.32292084586840897,7.814128649124842,0.08551104428603917
13.376184802502188,0.10905004225095638,0.4978593045535986,-0.2219282450857616,1.9082288854094391,0.02612381725124635
15.944395433804774,0.11685105058286016,0.5549878674310036,-0.3321090277848996,8.23114994912136,0.08776579171534782
11.767882754441567,0.10339454127451853,0.46112126366697515,-0.48447244324466554,2.595048268496392,0.03879119194084102
27.134633758451585,0.14080377987632553,0.6595098531342379,-0.35367948840787045,11.136897548956007,0.10097038577132555
50.203428744354504,0.16916308543023728,0.8466517010483035,-0.242161672133677,24.355488787650355,0.13589482968902322
72.28747637851518,0.18629834103060605,0.9589427612039588,-0.22290076836352435,33.84585037747468,0.15091037614621738
4.813667239703142,0.06472425700334128,0.2708561404856667,-0.38329357600029257,2.1138898415084406,0.0303239903297845
11.965269057120887,0.10412728281255768,0.4847625200049602,-0.4550885838208024,3.1171223856979013,0.04641841869552721
68.9521719835966,0.18406400535898082,0.9304283663010426,-0.1967901049323002,62.382388179272326,0.17934178090023045
20.1892841264538,0.12742192071941383,0.588297738449264,-0.35949578587873077,17.84347969924226,0.12187813707013873
33.26856135376445,0.15012045296889442,0.7994567151583394,-0.23405217217562369,8.723182737848894,0.0902891455965864
12.397225858090229,0.10569113174907607,0.4988808541225979,-0.29514140526608024,5.5269795549445835,0.07061217453629376
29.753952983734848,0.14500702257546383,0.6743388816313162,-0.3134981158347785,10.2199743590494,0.09720163141586857
36.467270912978904,0.15434195529396066,0.7641916494357867,-0.2615689755858548,22.010798931215724,0.1313153189377949
27.373976077402684,0.14120367715383697,0.7130218409801524,-0.2775985935401183,23.04988149919312,0.13339989140301056
19.99602981242543,0.12698923504888637,0.6281116092261042,-0.3374371044753187,11.45461137455312,0.1022070253629841
14.85174180730707,0.11369129858543503,0.5204333470121519,-0.33767063410262466,2.024278839087611,0.028544384859944483
21.64554363332294,0.13056004903726448,0.6042403490233086,-0.4315912653945472,2.790682922851102,0.041808743689561334
14.119641594846067,0.1114467717806007,0.5255062895876165,-0.47420284618863084,7.339434272378899,0.082799373946159
15.207231090508952,0.11474313127786773,0.5663076079541182,-0.3558943211656298,6.14853883933488,0.07517545815930471
35.12127592222001,0.1526106889294645,0.7635296088733277,-0.27649803471585943,11.937184506091572,0.10402373803783815
12.194300252977921,0.1049630900715457,0.48747415593502513,-0.2964882804702229,5.539843479600754,0.0707115106697549
7.213954158323188,0.08205442876542812,0.36908540475212515,-0.4260177590744345,5.06495138252392,0.06688869412976262
20.699064039651365,0.1285444882153859,0.6108564752397654,-0.2920100774794463,10.514657288882193,0.09844707746895254
43.41584030235403,0.16240483895700009,0.73587559546645,-0.29421638728902333,10.214752862265417,0.09717925387266702
27.534838198166725,0.14147056642564126,0.6785447769774229,-0.37767902102706286,14.67148862173177,0.11314868872103667
22.998085059053878,0.1332981359906782,0.6349130019439733,-0.42598009172587026,7.611956986028024,0.08437603159007745
29.42032683883301,0.144491857587965,0.7485442316185102,-0.20200687549037377,9.095120375541489,0.09210748382578293
58.08562387180044,0.17598765290342944,0.8903266856066135,-0.23175618069901027,35.82251940442146,0.15352044875374715
9.806361792385882,0.09539409662630427,0.4361185563485376,-0.3153752659014408,4.493532728250533,0.061803940671855795
19.517954468144655,0.1259013550387298,0.6023391029028694,-0.3035571670488201,7.989900867259773,0.08647516531915223
59.30687112522957,0.17696458917757107,0.8416934035655846,-0.2687399968172176,13.877267902099444,0.11067900543817166
53.738858747118144,0.1723427897360219,0.8360102800178213,-0.370224106002197,14.292286504834102,0.11198598014495409
15.995363448151952,0.116993314110718,0.5495463384747462,-0.30917952796616677,4.800735646208561,0.06460995652866974
39.83149538477023,0.15841437732469665,0.7884371129567055,-0.26666882488313326,24.16523863213977,0.13553938312902658
31.445034553885293,0.14753586866653468,0.6867542685815301,-0.2488260292135266,17.660000259077457,0.12141545712828017
27.353591698020757,0.14116974962083928,0.6475633124723835,-0.3013375682182794,11.527591379410806,0.10248643161519766
36.046801688942544,0.15380781545036282,0.7335705472430024,-0.3060857281139011,15.27347591938387,0.11493652586453651
6.925885028872376,0.08029604951583269,0.3614431792458847,-0.4077914677258665,4.4201954605491185,0.06110686314266922
39.42483087317061,0.1579400421126178,0.75498503485717,-0.30691068445967473,8.74049499981991,0.09037541987358044
14.131237084094629,0.11148318483697284,0.520537298215423,-0.390321556513899,7.025233875562182,0.08091028027834679
24.303394332515758,0.13579776677953803,0.6728306228388531,-0.2781611148161811,12.623528192265054,0.10648966921189862
96.11732254873085,0.19986461326533767,0.9532774318032902,-0.28542340490860585,70.23699663741836,0.18493675594668813
13.850903153213235,0.11059471489799422,0.5395125173436477,-0.25870925767741637,4.988813397251383,0.06624397132918003
26.05430885000125,0.13895555043263186,0.698165130671712,-0.3155535237018231,11.553988732176233,0.10258707664059719
58.55679401745347,0.1763668810815353,0.9095999534673456,-0.36362456463738724,26.806954381223367,0.14025076018295435
23.062673996784422,0.13342498878079034,0.6285525344570145,-0.4278244537160779,9.85082237553175,0.0955918702616525
5.79329891961291,0.07262483290063049,0.3081368756355214,-0.3500455546226031,1.0935969818885878,0.0035771583911137217
43.04691914845627,0.1620090216611234,0.7786569834362768,-0.2746873280918496,23.283944381231926,0.13385699329292167
19.500365142338307,0.125860843625075,0.6145745200686573,-0.30358950242129545,19.09285284538151,0.12491231207356979
20.073257157848303,0.12716262240041032,0.6461546718521883,-0.29465742630370595,11.894048494086704,0.10386424372539826
16.32022309853548,0.11788997328715944,0.5487557864013654,-0.2953377325321872,3.5101520092410996,0.05138936820133955
38.390788211553144,0.1567124411699985,0.7571644523946474,-0.22678938186715558,6.692716608999866,0.07882058114853652
23.240647241389386,0.13377277176308588,0.6324975458311578,-0.2743322159810645,11.418699791412568,0.10206890871122032
17.24304645284188,0.120346626318238,0.565899268087583,-0.2624877441966248,6.569393407705202,0.0780201261026845
28.766287271256264,0.143465446516984,0.7018228723075556,-0.23297847592190313,13.767951433159794,0.11032850218373724
9.096917874580758,0.09211609690838851,0.41648044315103583,-0.4236956429588864,3.9254604786495135,0.05609202744816444
16.76203544540466,0.11908232202429359,0.5552777489418291,-0.4024070221359686,4.276586572552048,0.05970908146825371
24.777067109841752,0.13667306446864247,0.6506258650022306,-0.23115624139441238,9.09730729084544,0.09211796266036232
29.09380261858621,0.14398219898421427,0.6801865079507274,-0.30279440676290026,19.06029523087655,0.1248356941474209
11.474120804214715,0.10228188483645129,0.4699293050479034,-0.35457245996328945,4.527902833127161,0.0621268807040527
45.2804869500164,0.16435729380194264,0.839511099892524,-0.30351573660794173,27.689717968388187,0.14172611951581215
46.26548024091837,0.16535772632344292,0.8538866562669375,-0.2962876396977354,10.961559048890887,0.10027333118940107
15.859652619397975,0.11661354446877503,0.5353242900485837,-0.34648805428354146,4.547156119778253,0.06230675680075892
15.297380629284143,0.11500611538826888,0.5586839138280226,-0.296697163907511,6.253706102331142,0.07590344111876313
73.12887563269047,0.1868463556551776,0.9605946783820947,-0.4073083020799684,23.09261424156787,0.13348367581675014
38.07251711261343,0.15632819980454138,0.7426417172569779,-0.23480469558356698,8.541128043444903,0.08937180235427022
23.11517768421703,0.13352785504491815,0.6490365340979355,-0.4137155225880471,5.736512536702249,0.07220324105146014
24.62470507510503,0.13639328107402093,0.6522784324060177,-0.28362495294315904,18.460644228929,0.12340159842314868
27.448021533859443,0.14132671383388362,0.7130071525956198,-0.24278035300979706,13.767646055194128,0.11032751930781082
23.812726869376032,0.13487362164419747,0.6530702792040715,-0.39877575842476676,12.452098067521487,0.10588603311600986
22.962020744064926,0.13322715671883456,0.6497922514264518,-0.23427362866374812,5.301754626093366,0.06883603413905104
10.200260093154391,0.09711708524537777,0.4372862633646033,-0.33256242955521265,5.659573437480233,0.07162559436054572
20.231184599320397,0.12751520884886736,0.6092431917238768,-0.42888790579970093,7.160708840357067,0.0817345577748807
10.95664790440379,0.10025365329584068,0.46691284171593234,-0.3282886400683469,5.2289972830753,0.06824675657102941
24.067050878593214,0.1353548853372677,0.6486294337475363,-0.38570214474396725,4.386974342173221,0.060787431530176184
6.294245434127206,0.076180925643627,0.34084273883876043,-0.32459993325913095,2.067897823760592,0.029419871737396575
29.778012034998916,0.14504395838882944,0.7488576441769538,-0.3154801840025697,25.42829230563721,0.13785058938442596
65.537748688003,0.18166649611072394,0.884328901507699,-0.3046117933300351,29.191094379421397,0.1441346298236923
27.003815299518624,0.14058377244860942,0.6988930526743681,-0.2741980937288938,3.4157217584333033,0.050245713381571244
25.767072113013462,0.1384517594771204,0.6733014366134774,-0.31488046921193125,8.457078428208236,0.08894193861964528
13.120403399607214,0.10819580099758719,0.501550523743087,-0.38814633735218296,8.047687491165421,0.08678768444862817
19.63876743475549,0.1261786657398798,0.6077387929557952,-0.27161918445102906,2.6980704716885913,0.04040645755362071
6.466160446279346,0.0773388991879429,0.3318425898865936,-0.48024447344481913,5.123697965621829,0.06737982142547683
11.864112132831984,0.10375322800999287,0.4786155371743194,-0.43365973080730835,3.4391301711094275,0.05053201901347859
29.63261140056381,0.14482029906433902,0.724928495955541,-0.2833602783437261,14.058999442476654,0.11125586963447831
10.16871150735004,0.09698145970455463,0.45645745621861217,-0.36265437480634755,3.871824794984758,0.05551232651686644
19.754181019185747,0.12644205737015102,0.6382900916782153,-0.2634122963323142,4.736186287504715,0.06403495664072523
20.98659391504397,0.12916599468624024,0.6480152694194655,-0.3468419658888684,13.72035199958069,0.11017504756416097
60.71468855322071,0.1780670874671364,0.8782764725001952,-0.2098402491801944,11.585569160776897,0.1027071935071171
17.9940542914259,0.12225444108583194,0.580403652614571,-0.3014191883465531,6.740359186748022,0.07912602860489759
50.17625269118487,0.16913782066935745,0.8376954709758483,-0.30916175841558224,10.564231221731271,0.09865329737189721
8.843707540311518,0.09088639149329625,0.4137753016117754,-0.3264256228795832,3.7766859284949885,0.05446482316152834
18.234763540458772,0.12284976826835359,0.5480366212504085,-0.2765204331229606,3.779108440167601,0.054491808484815385
25.23928620414039,0.13751184470447608,0.6476625393574927,-0.3180251004114639,20.410263699728198,0.12791183516934446
39.223833497373704,0.15770386056307473,0.7752629363596056,-0.29815385444133735,14.208434794308884,0.11172487835081002
50.400178116556845,0.1693456067323238,0.814876350275551,-0.23191128392388072,8.879036880290911,0.09105998097615475
19.16549715438028,0.12508281493542683,0.5988973099676101,-0.38226806183240514,6.391426033094088,0.07683918477669471
27.585096204069487,0.14155364354154365,0.7179766427219849,-0.23460528844975026,9.085646448592792,0.0920620605517406
30.132557933908164,0.14558496557045952,0.7000850855171954,-0.3351345799548253,19.677213137353412,0.12626656946551318
12.468578483393996,0.10594440913112257,0.5032789234086287,-0.2982119915021686,4.923221408048259,0.06568092980099904
66.28407771517506,0.1822006235812108,0.865942770469804,-0.3571745469997841,25.625620720949776,0.13820167998104038
35.61018704707413,0.15324679693260834,0.7278398109898744,-0.29255888900274696,5.99504253876892,0.07409118493983402
24.421672024134295,0.13601785588604076,0.6561101694240462,-0.38847768199503097,10.253710061284442,0.09734594704150035
13.787494883091822,0.11039136036973218,0.5264361784191299,-0.27864901717208457,4.631559709517208,0.06308677508537808
26.57268819172639,0.13985139954723858,0.6821487449736201,-0.3571571528438947,14.231590249612207,0.11179712855711665
9.257181728965044,0.09287754080395749,0.4167795185630795,-0.3503513310884975,3.25008614727809,0.048164317199103746
34.19600661641983,0.15138322730625697,0.755469388175851,-0.28712147304889957,12.32509458252728,0.1054336638558464
6.803752010186391,0.07952925621280915,0.34653012942242556,-0.4010715593608467,1.7149392139398354,0.021759548836921105
33.36959863651481,0.1502596509092491,0.7557497901139067,-0.3337747706267208,7.826365380374769,0.08557883450856107
15.529542323955798,0.11567658731611097,0.5549451329508671,-0.2518669118113558,6.900572568186179,0.08013820147664652
18.60475328746674,0.12375028196054139,0.5979840155860425,-0.25052198526537195,9.46989322600134,0.09386885721651583
46.29711170614939,0.16538951359200071,0.8786562929321391,-0.2359766660910011,16.887980582229694,0.11941669353914586
50.69493955935058,0.16961777617015295,0.8231505256019772,-0.23879699746510208,9.814873032324698,0.09543202364004078
23.644556775920915,0.13455267118654657,0.6480337135874586,-0.41890782734670584,7.832050659385746,0.0856102957491125
20.351181893254658,0.12778135072742525,0.6226441948398544,-0.3211352060543974,9.122041237706279,0.09223630990075216
49.70497500146177,0.16869758586772265,0.8016849344395827,-0.29096078536562464,16.495815634489954,0.11836752461455902
32.93727788827125,0.14966118315760513,0.7176107513175211,-0.23344165699158126,5.641242329430578,0.07148685538762112
9.7629089966413,0.0951999723210093,0.4330978139008756,-0.3136333794450107,1.988925159427772,0.027821400028977372
5.975501278279633,0.07395124033943401,0.31588224865497494,-0.3299960140114786,2.2448252032538347,0.03279815218088311
16.39399857750149,0.11809121524749466,0.5751396291032097,-0.5202363121962011,8.898913804882909,0.09115735427607508
34.55501759041824,0.15186323380643074,0.7410124605654086,-0.23825518984780325,37.79036368071131,0.15598497483690377
40.626087562825916,0.15932792404292062,0.7843436337087836,-0.3146842170074644,3.8693180776311396,0.05548504539625965
21.95622615625594,0.1312032421841205,0.6030059430662137,-0.3148514769476799,3.7492863996218904,0.05415844655473845
75.06412950944592,0.18808418284090145,0.9281562589522848,-0.2745857613614704,29.275689990516984,0.14426677318341485
42.694146546339674,0.16162747222159268,0.7682671029378828,-0.4091544760508151,12.10348271991702,0.10463348622397284
43.855803445384886,0.16287267730654897,0.8067334893707843,-0.2638813127877524,15.672662058119991,0.11608513177229884
55.69897006633253,0.1740201604108791,0.8261016457998067,-0.21214597032107607,15.538288120827499,0.1157016562508002
35.15558068005278,0.1526555983422806,0.7549446607079793,-0.40649217297298845,12.126667355597396,0.10471785530180289
30.83355332699493,0.14663687085659038,0.6860098981409082,-0.5272173028797495,11.485191282982953,0.10232430895247546
16.292199430811397,0.11781330241606902,0.5595482394055616,-0.41409381302005466,4.809312893541642,0.06468580252656952
35.182402276262174,0.1526906820200098,0.7347780839092273,-0.24194382443181428,15.898210765092548,0.11672176090347408
14.790558959475648,0.1135078342483049,0.5360180865921711,-0.36554033982685397,8.227664188728303,0.08774740369687328
45.73960398150803,0.16482618030247576,0.8262148925782433,-0.25302642369898887,26.704322544539895,0.1400762146831982
7.78989974579875,0.08537651745339248,0.3967529290197575,-0.4602757695761973,7.375981798930113,0.08301404900464848
12.987242870235836,0.10774473107666149,0.5195613779483474,-0.29173516498200747,7.552496386589935,0.08403670264461693
20.39440129151842,0.12787683807792138,0.6450070080839759,-0.42509022746752734,13.125208724598181,0.1082119963329693
33.77509749810443,0.15081426127192832,0.7463066248376329,-0.3396514696391688,11.941551180162422,0.10403985284985073
54.56256399569441,0.17305471877031864,0.8455885141856746,-0.1783181564810059,21.778531884201158,0.13083644708836228
17.183819571897434,0.1201927936394267,0.5538681903046189,-0.2910040871933044,9.78499741187724,0.09529875520692621
30.006178613753182,0.1453928257212147,0.7258591565131643,-0.2879972583227446,5.623185735723335,0.07134977026481648
7.180828705490931,0.08185569534694959,0.3740320515946813,-0.4332704217247423,2.4118691520095394,0.035760808126038546
8.822884864284667,0.09078376789029008,0.41361470750281043,-0.3630240471769023,3.821984002351002,0.05496668819069117
5.2429295038035155,0.06836020352950989,0.2892476988102665,-0.3448386743915145,3.881727092508877,0.0556199297111164
40.222420625218874,0.15886599130016488,0.7795346354386667,-0.3288967759915702,9.02977746229928,0.09179326520737185
95.1251699340687,0.19936785566627546,1.0025601557637933,-0.2191066150160862,60.506590736667675,0.17790567630474596
7.458711582675617,0.08349624409017387,0.3880402009685691,-0.25703357825100503,2.459159800075504,0.03656377970075364
22.253743682843016,0.1318110417567917,0.6326318164162902,-0.31192320511732197,4.32741909332828,0.06020893099151636
44.20967688646003,0.16324571320105208,0.8203510341591962,-0.23225596636970613,33.01738436423492,0.14977264275452873
24.153636774332586,0.1355176204189057,0.6689785898416749,-0.2582871756996792,16.124024430112915,0.11735050974130878
6.938434568664364,0.0803741029549101,0.35837196105110647,-0.5059483955494236,2.578704222007144,0.03852929338725941
36.40378400374417,0.15426168537453178,0.7886936155762074,-0.2635671066198507,18.685052814925907,0.12394344982665095
48.12171459389999,0.16718869175111672,0.7570124352816648,-0.2924058403921691,38.22953640407468,0.15651814940930175
7.282823110826744,0.08246481325384059,0.356197663102166,-0.3838500505576343,2.3435682822975026,0.034574000367026736
25.412442176440038,0.13782227513531708,0.6698442577778805,-0.25126028077593765,13.324359042487679,0.10887823249240869
38.7858515049168,0.15718516005304206,0.7882424142416736,-0.2751061274485169,20.43551309965339,0.12796748886817744
28.76817910290291,0.1434684476291066,0.7027527444172356,-0.35043028836137013,5.623665531259817,0.07135341832068587
18.85300371403201,0.12434490741106718,0.5919720555947227,-0.2629162741576907,3.3881072682064084,0.04990553179296198
41.96402650284503,0.16082808398216053,0.8094156329121879,-0.22042926426751963,17.97142242666941,0.12219807482704814
13.711250888812797,0.11014564852402375,0.505179564423767,-0.3527569452590956,2.1901725612286467,0.03178273192791181
12.606566486962032,0.10643029598972165,0.49984511173799556,-0.27542375036798794,3.933349525332289,0.05617665100097158
58.56916682025109,0.17637679998708578,0.857876389481204,-0.30375968874563997,28.44773920232252,0.1429573950522185
20.90459275301042,0.12898958356079238,0.6226537562079477,-0.22779574051318452,8.076777721685419,0.08694419459632585
34.9162626568514,0.1523414186346257,0.7532136778290051,-0.31996202819747066,14.14296171610673,0.11151997428157734
33.66253783204626,0.1506609544853419,0.7538061892000424,-0.22171532866819477,17.112590899070373,0.12000711249877116
12.342383861561137,0.10549550837829602,0.4984355111730732,-0.3862127632350518,4.922412981298707,0.06567394543561011
10.94877656216383,0.10022209686031935,0.46602594023157384,-0.3067576721817006,1.498608351414265,0.016275820101317118
35.275504711486626,0.1528122646265977,0.7682570045903181,-0.25797310928147954,13.441637640135383,0.1092661167354183
91.97070358450411,0.1977547335757115,1.0004347646203648,-0.21292139583760306,61.512202340594854,0.1786807999095561
22.747365426328496,0.1328024596681896,0.640519165475267,-0.444020424145533,3.72528222982983,0.05388826450633877
62.44985701761226,0.1793926588678474,0.9037619480125998,-0.3783795844770178,9.224881811444702,0.09272510154952829
36.06479627374537,0.153830796969342,0.7178913489044255,-0.28314409306868404,8.178315497123148,0.08748627481285731
19.730003404158403,0.12638700287387117,0.6427182719219453,-0.2061889522527438,12.684963127849045,0.10670407852712827
9.299737558984525,0.09307760501522355,0.40963970089131435,-0.33812498643632927,5.645567131033159,0.07151962661556754
25.836235290479692,0.1385735573578355,0.7261659980809677,-0.2840882360963818,18.394708155612047,0.12324118850634225
66.65143393891871,0.182461413492512,0.888153080687366,-0.28165174724538977,72.87497346591658,0.1866816262583657
38.17673320881476,0.1564543559784406,0.7354622096974444,-0.29407547389968514,9.070952639160145,0.09199152022038692
9.666067075013897,0.09476433174342946,0.45074108331523266,-0.28223056375481215,1.9620449306505325,0.027263392745576542
11.925849609935169,0.10398188121078356,0.48604775956133867,-0.3263684412747945,9.550037703218402,0.09423682495042396
11.734242273121524,0.10326848467249783,0.49174191236266596,-0.529968614571624,5.920756324759361,0.07355683225302467
38.18009655823346,0.15645842188663805,0.8003884476980889,-0.22382565314672143,22.461529646592673,0.13223091879294668
11.037412352113815,0.10057618873863983,0.4511478537796534,-0.33480586130517265,2.6805352604040307,0.04013575423887983
16.942397723486938,0.11956042542077827,0.5994770392867141,-0.2917940439236466,4.2709573829545855,0.059653377767799
26.085721398502407,0.13901032177339956,0.6976946878805907,-0.4642604817384869,4.948467443947422,0.06589848948234156
27.54820083909263,0.14149266923840575,0.6833185641850367,-0.31763294641702045,13.511943637650809,0.1094970901789325
22.242927684786103,0.13178908273411505,0.6669946270847645,-0.24903042348966042,11.04656871156348,0.10061261184648984
19.590112741066825,0.12606718263327799,0.6108713456415057,-0.3283605931807033,5.3223067605484005,0.06900108421494977
72.16610512363503,0.1862187853492583,0.8970216857751155,-0.3465563640622161,8.937047976339441,0.09134358318318037
19.94958114123309,0.1268846406942532,0.6558072491470786,-0.2696984125353592,14.836879077712567,0.11364679766977215
25.796380373935467,0.1385034102471836,0.6820745124413333,-0.23739250039707416,9.891732488429879,0.09577309474578755
31.588753655326972,0.14774472701271746,0.7392198171433088,-0.34051357070115673,4.668113446923052,0.06342036076064161
18.97192066894228,0.12462708687257407,0.59736780290984,-0.2828871116757571,7.556038812561307,0.08405699024537183
36.76797323458366,0.15472033596778956,0.8145048784593552,-0.25279982067194673,7.830557181781402,0.08560203325522675
18.20582297732526,0.12277859223061038,0.5818465838367158,-0.3735476340223285,3.497942395883617,0.05124317068300521
16.03177937727489,0.11709469308102172,0.5689064745838117,-0.26961461881881854,3.8027371634757383,0.05475415068906231
29.25194271838527,0.1442297155860739,0.6868854238752471,-0.23006985534504232,25.165383988328674,0.13737873132234202
43.32950090507096,0.1623124952375432,0.8186090955633551,-0.26627610511577327,19.712639450459104,0.12634742368868368
44.962116933437095,0.16402946155203324,0.8095473220153302,-0.27438742556475926,36.68379329395727,0.15461471072518074
19.165328207343173,0.12508241912153517,0.6023892912009775,-0.29840059140173747,4.655189500112141,0.06330270564958407
17.583441213976798,0.12122103218664271,0.5486591322172142,-0.42915187954518796,6.4236739179591025,0.0770554958881784
40.48867104850458,0.15917116933022646,0.7932160663337612,-0.2897023713900745,16.48461602356003,0.11833721157492305
13.203940613661562,0.10847653796257983,0.4892876221439394,-0.2899385575255409,1.7616568634375416,0.022856124866158956
22.629380590906933,0.13256738428803305,0.6354089769482008,-0.2997075717609149,6.800713533536693,0.07951001159991278
40.91261035364985,0.15965313756919697,0.7904163439197515,-0.259578512447352,7.622173419950246,0.08443407828124694
23.74780197877387,0.13474997199989258,0.6463952105866644,-0.2628086175932841,7.658425451569645,0.08463945030170517
18.53835343380757,0.1235899454613738,0.5997328962983552,-0.34698087914714504,9.216361937721684,0.0926848066477508
9.643417292118599,0.09466183782813253,0.4264862912815563,-0.2740932568028104,4.1093198022874695,0.05802306265435986
36.856073582881045,0.1548306320055195,0.7867711943975625,-0.22363117694130497,20.270124104948756,0.12760173846803347
49.56921365674852,0.16857002345979377,0.7694793566597283,-0.2678305935874262,13.097661023557762,0.10811907527388165
6.1900173667706335,0.07546399577669516,0.3177863796154715,-0.35580897686159774,0.9924136690933408,-0.0003038733289588702
35.32490858103891,0.15287665615290957,0.7649982661260316,-0.5126570452278696,11.06519491261241,0.10068661569410198
36.418049004353946,0.15427973308344134,0.7562926982431434,-0.36695975183589113,13.742994223377694,0.11024810689423581
37.18151062885086,0.1552358756745873,0.783370464587401,-0.2594385972744979,12.109937951125302,0.10465699243870219
2.538186162236092,0.03787309173067133,0.11815208001888305,-0.4055982220911115,1.6828347857930595,0.020989226438519637
22.503702373063813,0.13231568259781068,0.6379180427005795,-0.3904506887042728,16.765627246898305,0.11909189125776587
30.12704541193555,0.1455766008006365,0.7170310091858504,-0.24930216310558817,21.453217783506087,0.13015742819432496
7.445114010355334,0.08341734362859143,0.37615742375460365,-0.5046513524725087,2.483521081426948,0.03697165437646399
16.141884859571,0.11739987839315158,0.5677238633394532,-0.385498744624592,5.203063510879096,0.0680348086399567
26.23542890434257,0.13927048681486287,0.6830896813845001,-0.23748705699824024,7.909242920888052,0.08603530657014247
25.50170282836401,0.13798150739989734,0.6691304443385818,-0.3843520732121133,7.891293105199577,0.08593683364858218
9.323382208423372,0.09318838412938302,0.41332684405237274,-0.3727267990046318,4.557092329545118,0.06239930114706582
24.26080026313132,0.1357182565380708,0.6624960404555094,-0.2862589978162352,16.211768832535864,0.1175925444446666
19.02234032010597,0.12474621596659508,0.593854508111816,-0.23663882442415152,5.962066971374066,0.07385477554378572
34.56489968688709,0.15187637859138503,0.7371175953097807,-0.2311033054901236,17.46826778456968,0.12092700793133693
17.247869769410478,0.12035913179005742,0.5861022716123495,-0.2732432115499166,5.29792893548662,0.06880524298239088
24.332964237005427,0.1358528862048276,0.6698774553797263,-0.2535853519473099,8.41218244618136,0.08871063882264751
9.506533952957675,0.09403745548367937,0.4462808266264517,-0.3526392854428928,3.5078139589728567,0.05136141029677721
25.08002025406928,0.13722450541155196,0.6701330893657059,-0.33967820326714526,29.01713069235999,0.14386172885318027
13.476996283491994,0.10938242365411499,0.5271905982228584,-0.3917534972680252,7.7454220218834955,0.08512851356124695
11.090739853725733,0.10078791416706956,0.46484937790795966,-0.37796907655954104,4.6716872324647785,0.06345284006454177
37.925262542977094,0.15614937812775476,0.7645411831126951,-0.2878338143968624,11.569754029745521,0.10264707965017172
12.989456829683283,0.10775226690623407,0.5154671832953994,-0.2628258632892698,6.85550559138254,0.07985578365616663
54.52005557541944,0.17301823202255484,0.8670139148734642,-0.2501485684795751,20.559842907993964,0.1282405722617066
6.231313073859414,0.07574942346519076,0.3422584946011566,-0.29652482260641977,5.104435957149911,0.06721938749124812
37.53469944325774,0.15567184120390132,0.7557577990903853,-0.26416827124137043,23.859565467923876,0.13496262507263368
34.251191256869895,0.15145732432239756,0.7103383551650789,-0.2755511533056886,20.5617443824487,0.12824473642113965
20.89481382422242,0.12896850158723838,0.6306477566144939,-0.3208773377630927,8.661915071844906,0.08998249711944784
41.77339268175235,0.16061716591194752,0.7955090392494661,-0.20278950655165262,14.604475766291872,0.11294532878972419
28.148011063948644,0.14247434713191298,0.68970963277667,-0.3222938562871559,9.55619343946303,0.09426496508112203
59.07880689390516,0.17678362493688038,0.8727396169886668,-0.19901675416711884,21.87225490064614,0.13103026596428147
2.6675403799871846,0.03993404410341128,0.12949085225951618,-0.43356970047554544,4.208169811216776,0.059027239612513105
18.97054146596262,0.12462382388968996,0.5804624732330793,-0.28460937267329445,4.196686250369969,0.0589117523134417
69.58939368415973,0.18449878844398726,0.9003395353364347,-0.38117114770888993,13.66611453149031,0.109999568496427
36.434161424322106,0.1543001099386463,0.7182594922992093,-0.2988405333328892,37.829501945962484,0.1560327311816363
68.40039638444249,0.18368439521963498,0.8817360882420953,-0.34007672577496373,29.29737060875474,0.1443005805759352
44.884591442151695,0.16394929454132834,0.7983542127604532,-0.27326385345942794,11.276792506250255,0.10151901933101692
5.634466561460423,0.07143546340599283,0.3123855316952919,-0.2830207447101345,3.3134347441383976,0.04897213700187031
48.23163402216429,0.16729497697449425,0.8084903947122948,-0.352461674805044,21.21789576605576,0.12966005707896433
6.809146072356706,0.07956339993551742,0.3636404927312067,-0.32053313535358896,5.619138745260078,0.07131898766232281
17.810634741947087,0.1217956486288796,0.5759862929550654,-0.29876053797917823,2.788226919267129,0.04177213667956092
8.94220514155591,0.091368709705971,0.41420409993559837,-0.2557744908523749,5.329987995315023,0.06906261363077437
52.88690821443043,0.17159534033976587,0.8363070646580235,-0.2541442022977536,14.267616546629622,0.11190931457974385
36.31121661769926,0.15414440626845538,0.7348295861246477,-0.2776442913819184,5.396248274132641,0.06958987487495705
27.12377924479045,0.1407855637939608,0.6694954128802333,-0.29577980350509203,24.598761471523183,0.13634547513255413
20.215192366374325,0.12747962529922519,0.603759828717395,-0.334959260836852,11.241636273081399,0.10138176256742759
18.736979894809544,0.12406794127675336,0.6058790486422005,-0.29818863107027793,7.524211247146313,0.08387438415262549
101.07695921332913,0.20227629331382557,1.0251413554718918,-0.33317977190665105,35.31945105416171,0.15286954722505697
10.079692998555116,0.09659658479136035,0.43389547971328096,-0.37409932779749355,1.471442931120948,0.015534131049256494
7.244518313964819,0.08223702028070368,0.36781506995516844,-0.298330259611447,2.9900981272310374,0.04468239843633115
22.205524767042,0.1317130669002211,0.6496940411819648,-0.3104289791389603,5.320136092719059,0.06898368094453722
22.90626175702169,0.1331172048226732,0.6285739870298285,-0.29962236532612274,4.703279405858227,0.06373892320896268
7.522244638478577,0.08386307670379356,0.36954050403389366,-0.30866888804525794,2.1781121921707167,0.031555381711275254
48.94560638072003,0.16797973452247317,0.8047832407321289,-0.3988493429175691,11.519914223487397,0.10245711943399405
16.591839558072397,0.1186266164533667,0.555516969548153,-0.28362804010721865,12.160580417080544,0.10484098668563768
46.60333477722633,0.16569617147091353,0.8116018978848253,-0.2912726495668052,20.945602959762027,0.12907789271655323
19.06792982782187,0.12485367193729835,0.5745052818760301,-0.3550927187322771,3.6080703305142108,0.052544485418447806
16.105817596614127,0.1173001295120899,0.5709795632384274,-0.2566051549885483,3.3174879756143665,0.049023317705263914
26.142585609417832,0.13910931009936744,0.6872273712161399,-0.26131544205595125,18.389599825498127,0.12322873788028677
30.91480865286005,0.14675731330215425,0.7302124726137986,-0.35326763107178183,11.406758209140213,0.10202288874393717
18.438715797957318,0.12334831185863648,0.5803150847747833,-0.29914021673866553,5.027357556260237,0.06657152802952404
18.246695555988993,0.1228790821383201,0.5844229678937244,-0.3001143897253643,3.8187233836485612,0.05493075448284279
16.53488801822595,0.1184731240371919,0.568482871445623,-0.2935152449580193,9.41221904646108,0.09360220283317355
24.845717356484162,0.13679858795846078,0.6668820792998764,-0.23105244044769258,3.559848124989127,0.05197943313474984
4.59169990327479,0.06272012526619508,0.25785607321490694,-0.3946875238822174,3.313770845019046,0.04897638327814979
48.568805415867935,0.16761955592170752,0.8341182277291714,-0.2672907099804509,46.0852669591382,0.16517622634416873
7.472168961690082,0.08357419522135667,0.38173390257991846,-0.3721419999439881,1.2860594137636672,0.010091071732526435
55.928813619687354,0.17421312432087288,0.8750626274916379,-0.2582786463833012,12.219248703717582,0.10505322279804052
9.39315378821823,0.09351371024316246,0.440849660560142,-0.2972509362047461,4.240542178781809,0.05935117905895648
14.272999559452098,0.11192605394252797,0.5190694259106425,-0.2571805298119708,13.037642983495676,0.10791597717700308
9.411496065761696,0.09359885021355652,0.426905518904748,-0.38600387134751646,2.2845590906036377,0.03352159589759407
23.765984619547513,0.1347846335802001,0.6434751204398748,-0.262341824714051,12.361540369523864,0.10556393500275996
8.89679878518037,0.09114700312685375,0.4133266362666552,-0.42102500610970295,3.643014951869307,0.05294944239862254
11.095438682474384,0.10080652297924986,0.4879245322958949,-0.3272186376948615,4.846214314715656,0.06501063626421755
7.2825672514853546,0.08246329551572273,0.3700490528219264,-0.24094387112042037,1.8921519157222337,0.025777391374708802
16.88901346693777,0.11941942583276854,0.5603225981755511,-0.3430538992260612,11.32934905958711,0.10172344607971273
13.200831916656776,0.10846612139490519,0.5259608488237136,-0.26896334419071055,3.8802858621066965,0.05560428499712122
11.873493676630167,0.10378804734440217,0.4882569333218875,-0.3234272216754438,2.3673867365815227,0.034991601551651375
12.992658679796351,0.10776316311668821,0.49688689065454883,-0.34683840223415896,7.664995625749506,0.08467657117722371
12.24827904169209,0.10515788025443484,0.4621019197739785,-0.40524155457770417,5.4053309933606455,0.06966166501503213
38.66321201676865,0.15703891063707398,0.8256097361894945,-0.3027784928250159,33.513188794922854,0.15045677889449172
13.092428271552881,0.10810140349144493,0.5075249636278082,-0.2783096498630927,11.928033436336035,0.10398994848406229
101.86322377718187,0.20264815246611256,1.0096160701532515,-0.24924003428153396,38.006970692181746,0.1562486842851829
19.4958210911268,0.125850372147003,0.5998308634044376,-0.2828670664490769,4.73420564105384,0.06401719449233911
51.312498930756405,0.17018311040559864,0.8269347070565709,-0.24758047076165857,14.629159924310965,0.11302034036149489
21.205549056609783,0.1296338153619896,0.6364582176107859,-0.318441625532943,4.571903747349344,0.06253689343743773
46.96856446358023,0.16605940009376963,0.8405258079050741,-0.3109023082327762,37.477718504860775,0.1556017728216832
16.35302686203829,0.11797956176428692,0.567124009731494,-0.2866007581766681,2.1501129814675606,0.03102287309580709
21.969113735535554,0.13122973366078106,0.6450294402902084,-0.36542182207282325,8.191496548863025,0.08755617018396533
51.05106161682609,0.16994458375965316,0.8244387100105878,-0.4155333979047813,11.259665250708336,0.10145220259715093
21.401639908947676,0.13004886418179673,0.6446950441452773,-0.27469097183925895,10.742122792563487,0.09938572702519943
25.45157487043826,0.13789215002767996,0.6633389972587891,-0.40049549983519406,5.294714327390619,0.06877935362770193
70.96184637943743,0.18542238988094484,0.917759527435945,-0.244708856017809,29.79405579936456,0.14506857309446008
12.31183743003103,0.10538618598472982,0.49731260123639176,-0.32530428474949546,2.5413329071379236,0.037924413095381304
4.317776890912111,0.06011455143825395,0.24514942856735467,-0.3183656985476173,4.638637678521658,0.06315156477766348
26.370167873592845,0.1395034233809147,0.7206726281409299,-0.23104163043268777,9.895630861990968,0.09579032627363215
7.012370750691716,0.08083122487205796,0.3556306600298369,-0.3187476506300747,0.9249106052299253,-0.0031104010730444998
24.322443520278227,0.13583328256275395,0.690337218927841,-0.30838566186715166,9.487744844013179,0.09395107755759935
19.39471365859307,0.12561676831075275,0.5978977522503913,-0.3159929230531302,6.324967174787976,0.07639006998331044
19.331301691880277,0.12546966068705356,0.5809964479461508,-0.3279013346496843,2.839234310925949,0.04252612836913272
14.414764528092451,0.112364727574076,0.536326338695159,-0.31637407750716673,8.564424620533046,0.08949023166951342
4.5938363954444315,0.0627398551233469,0.26113582190433143,-0.39095955477130595,1.9566685153672465,0.027150903290324546
118.09667000632413,0.2097665543820486,1.0346086960286462,-0.2640885151754009,25.463898220154253,0.1379141331058127
24.48351670608965,0.1361325282954422,0.6348377541032035,-0.34335575275305685,9.732279277336156,0.0950626357050095
20.77577557898908,0.12871110986456968,0.6331364768331692,-0.31472056971455564,8.50653012801415,0.08919534857536915
31.62602821108514,0.14779874689307104,0.7192635154942392,-0.26640965110343684,12.989545073947708,0.10775256724468796
178.7961089076793,0.22995735794925332,1.1490072012496628,-0.2758098670972844,36.823520460855015,0.1547899070802361
25.109159474382302,0.13727720756478035,0.6839326447831913,-0.26406784734111854,12.218697217638013,0.10505123232239355
7.431825555792944,0.0833401030526828,0.39065977751039777,-0.2799629801730039,6.936863726201723,0.08036434032743078
27.969427632236382,0.14218418528999188,0.6832557581475672,-0.24301557069756674,15.493276923087679,0.11557249140164538
11.367892051567225,0.10187278706240566,0.4595329489043282,-0.3189901114945043,2.404016182728273,0.035626006985820746
5.599071468195947,0.0711660348934513,0.2971714842341294,-0.319327781974046,1.3156404954786178,0.01100821545343611
21.74630203980467,0.13076961079797056,0.6158066920822696,-0.2838487892367354,9.446031683257258,0.0937587238864197
21.726846120925952,0.1307292182485662,0.60758171516255,-0.3465420232365781,12.278703346797668,0.10526730783693172
21.527089442357553,0.130312481741651,0.6201444557344175,-0.2602252593850163,5.147720250870313,0.06757909441347687
10.007399996966317,0.09628161437685434,0.43294918964911566,-0.25671550634080686,1.9704858426472063,0.027439404281937696
30.477296362561443,0.14610517862190275,0.7328583369106438,-0.3289696527300622,9.546569690894422,0.09422096372254218
25.24285988820558,0.13751827216932844,0.6833858319854362,-0.3857769345714711,33.13843656667925,0.1499405823150355
7.111088977539545,0.0814344043675359,0.36605861350248836,-0.3244834619388237,3.8590190009587797,0.05537278005831614
37.75736789128368,0.1559446766088246,0.7771732769806251,-0.34231658179798563,10.048787631100613,0.09646220073542966
8.440883073123777,0.08885863792702753,0.4082214129312459,-0.30659080784809256,3.3336958904981366,0.04922737900150276
21.88272449998309,0.1310518675269412,0.62631252141229,-0.26867456597257633,9.040498091775776,0.09184496757898009
31.584618544100145,0.14773873046192398,0.7201345245454545,-0.26090002658933686,11.737571353223625,0.10328097475995901
13.772883022775732,0.11034437188092894,0.4978903934061626,-0.38750777009286297,7.108198979273385,0.08141686069117782
7.45598036498109,0.0834804071790467,0.38765665046909636,-0.40021322009077887,3.488745907492728,0.05113272837057026
20.92356893646123,0.1290304665016755,0.6395881765750485,-0.19824537917967433,9.4898472895354,0.09396075114754221
76.48590207800041,0.18897420513134544,0.9175129198368045,-0.1959151275895713,31.074361412306345,0.1469929320244059
17.535749473632272,0.12109950572698858,0.5563081454905424,-0.26762251023544426,7.617774963597341,0.08440909674361818
40.95343141668615,0.1596992928621812,0.767678431866517,-0.24209226893452485,13.32540237938365,0.10888169762602895
6.587831826273276,0.0781407171347781,0.34151286574955386,-0.38368102900233125,4.3654849326238905,0.06057956466023362
19.253219973482885,0.1252878833397364,0.5931529882163067,-0.47442396152746913,5.596727912948648,0.07114813800756936
12.733467698019917,0.10687265743861274,0.5129211529496938,-0.32484729621669406,11.513130076032153,0.10243120123865679
17.913369700203887,0.12205317820722006,0.5714551232552122,-0.32968909994550266,8.266267863860095,0.0879506291380383
19.032369718475035,0.12476987678663254,0.5855527018671717,-0.32989079972104873,5.905274033018627,0.07344465544874401
7.027873250409524,0.08092648441262273,0.3571089027307728,-0.47469178867466166,3.155104310451847,0.046924330809121395
13.58296770254052,0.10972925402819356,0.516942740489498,-0.27267015322464794,8.468682526118522,0.08900153008509659
73.88309856562006,0.18733247003539022,0.9091028882202596,-0.28454520589298704,20.63524413147697,0.12840541548568174
11.332190322414434,0.10173447164785387,0.4658921552884708,-0.354030565219848,8.956171791402848,0.09143668763279966
228.77074052378376,0.2421156788074328,1.1669909133151903,-0.27447987697639276,52.177641058138676,0.17096420123953915
16.629210831798705,0.11872706266891675,0.5735043724942848,-0.30020989735815273,5.542342603506166,0.07073078338687266
9.779573067328876,0.09527451652730301,0.42906664862532895,-0.3786100509037351,11.262167662766785,0.10146197107473176
11.782416435402004,0.10344889445788774,0.5003668365892795,-0.2317008281528824,5.008506531010574,0.06641163027922548
20.93358793018407,0.129052037408655,0.6397846479710309,-0.33404805631273427,11.873296075878994,0.10378731422715703
35.09470697678079,0.15257587775696302,0.7721630918155159,-0.29505779116446784,10.414766828776376,0.09802869771692468
10.959846105031287,0.10026646875537026,0.4691545362176443,-0.4187988542946105,3.175472706020895,0.0471932304933429
87.32512896950206,0.1952796523500342,1.0136581967524796,-0.26145493461293023,15.692209413382706,0.11614065272165885
50.81487747943879,0.16972808678834128,0.8139250456901215,-0.3252835221475907,9.565372769686357,0.09430689486167942
22.58579052097627,0.13248023676020493,0.6666314027357361,-0.26924668484011616,7.941692138969587,0.08621278010182332
40.82718525174167,0.15955640642637547,0.7932981190780299,-0.30233651722661503,18.910674899464,0.12448196880954066
23.934969506927548,0.13510555719531614,0.6507986924969149,-0.26380375560317304,6.370605392664648,0.07669896752765659
33.37387072152334,0.1502655275929008,0.7064181995489492,-0.31753149361182265,7.321853840641669,0.08269574310156425
11.282536367296139,0.1015414054280055,0.4484507457147559,-0.4590614409401931,4.337461392062749,0.060307012358251644
10.371709203779188,0.09784716629031909,0.4629309832123105,-0.23431363673980388,2.8737353798527634,0.04302878538056465
16.698037158917998,0.11891148771738269,0.5540806664024832,-0.43656129703458246,5.019221321336223,0.06650258576653623
5.664145036578743,0.07166012728688775,0.3057417696459377,-0.3907326664791234,3.3353570803523307,0.049248239911670044
16.99988032375053,0.11971177350733542,0.5947818262371717,-0.3333269452870553,5.229781565403217,0.06825315051080838
15.872135607757285,0.11664860657163456,0.5578772457121818,-0.336594546509122,7.783906178286162,0.0853431772208646
40.98817991437478,0.15973854727727121,0.8277833818931657,-0.34619930911953756,15.650185447993417,0.1160212085373642
7.340371436906329,0.08280489152879289,0.3751662436988482,-0.2894465144458147,4.562479551625968,0.06244939595349619
76.0915300129291,0.18872893274703428,0.9628884490702665,-0.31486032646160356,81.91828053870879,0.19223456196165079
5.141989572550959,0.06753163771025728,0.28255574160317143,-0.4255266162351009,0.832524659270751,-0.007288384540663828
49.6800563318924,0.16867419717806076,0.7869156711643686,-0.2754056915562587,13.669106153205988,0.11000926495195684
27.750156096902103,0.14182547091445463,0.7073991484217346,-0.3140875983337339,21.393374695245896,0.13003144374669717
8.6599709731336,0.08997273273377804,0.4092200240302248,-0.2788895861012124,4.440930778553322,0.06130507355300696
23.096836743300496,0.13349194662782615,0.6103954541237174,-0.23576778713205726,5.430555783083963,0.06986043686044563
17.83430160664332,0.12185510144300093,0.5787982746316479,-0.332318189762538,4.7470727782425515,0.06413245795849032
24.51669814213243,0.1361939387341391,0.6749773450527113,-0.3323912407608164,4.655465683486749,0.0633052232043736
47.0248334937476,0.1661151196168984,0.8090464690103378,-0.32949906562810694,6.016146843834082,0.07424183222299541
25.46736030105161,0.13792030712085146,0.6663341248503406,-0.2909380192297091,10.93256239061821,0.10015702508163682
47.2759442101447,0.16636300035986729,0.8522164142657996,-0.23334591950867978,22.085361060471648,0.1314680175634393
28.558781019534877,0.14313511271400037,0.6573646808992679,-0.3560936683281616,6.2733512678689465,0.07603812377374886
11.20021280403967,0.10121950744370256,0.46274928621790473,-0.3190718205536729,9.351768553883995,0.09332102313721125
7.843354614234378,0.08567278457614358,0.38172350298039,-0.41760747707229295,3.4140446549718066,0.050225128665367436
7.290695824399964,0.08251148858670065,0.36808993457899786,-0.32417027494760453,1.9158871421245987,0.026287852857434624
39.188427970835825,0.15766213704006793,0.769800407778088,-0.30077650533567746,7.49995079897279,0.0837346945404085
13.565933038778647,0.10967367745802603,0.5423879805504725,-0.2753530905007091,9.98235350260963,0.09617198060407861
8.985767777782016,0.09158040034011639,0.42356794285933497,-0.4017834520785598,3.9934884348969306,0.05681643913069978
48.03791684936492,0.16710750786706408,0.8245733213779068,-0.21838755816696098,18.5154186283031,0.12353443638304284
12.017153392312613,0.10431796263259652,0.4819773987432149,-0.47081207404575587,5.6306217663876845,0.07140627550108536
13.177654356857069,0.10838838411219998,0.5085608240160083,-0.28343477991310173,3.9049207866183964,0.05587093570468671
19.01739457128152,0.12473454381086224,0.5762386723867086,-0.348241645144612,3.959605178743877,0.05645711895760752
47.42297637388881,0.16650755516177362,0.8405424728152302,-0.22139529739288244,24.92374433143405,0.13694085263807398
88.12657797662817,0.19571553966374733,0.961763172429984,-0.260500015126484,23.64038667847049,0.1345446847936087
11.66164949626767,0.10299528080497433,0.46039063607962744,-0.27970862971587684,4.72507645963235,0.0639352329876628
10.31540461678503,0.09760869073627254,0.48095226947376224,-0.342975806658265,6.840790526163018,0.0797631837455619
41.38533121440314,0.16018494261057703,0.7921697627429559,-0.32285019155407335,9.334612240107909,0.09324090425110021
